{
    "max": [
        17.841601251949086,
        25.66946022727274,
        195.851,
        9.30892239100001,
        10.000000000000012,
        4.91000000000001,
        4.177636363636373,
        6.00000000000001,
        6.00000000000001,
        714.0957272727272,
        202.285,
        183.28118181818184,
        4071.0,
        0.21270555637099445,
        0.6245483800896932,
        0.6054802184828377,
        0.11178011377657443,
        0.12184384280283786,
        0.0592540858525762,
        0.2041241452319411,
        0.2041241452319411,
        0.21307943514559982,
        0.3480272455889339,
        0.3078434150114794,
        0.3143850468324657,
        9.359062500000011,
        135.973,
        6.363665155000009,
        2.00000000000001,
        1.06000000000001,
        0.49000000000000976,
        2.00000000000001,
        2.00000000000001,
        251.03499999999997,
        100.21200000000002,
        86.94200000000002,
        2002.0
    ],
    "min": [
        0.0,
        17.1612215909091,
        72.23918181818183,
        3.5237722500909188,
        8.181818181818192,
        3.9463636363636465,
        3.7321818181818283,
        4.181818181818191,
        4.181818181818191,
        485.8820909090909,
        111.18318181818182,
        104.24300000000001,
        2251.0,
        1.0555111512312578e-14,
        1e-14,
        1.1110223024625157e-14,
        1.0888178419700125e-14,
        1.1998401444325282e-14,
        1.2442490654175344e-14,
        1.1443289932012703e-14,
        1.1443289932012703e-14,
        1e-14,
        1e-14,
        1.0111022302462516e-14,
        1e-14,
        1e-14,
        1e-14,
        1e-14,
        1e-14,
        1e-14,
        1e-14,
        1e-14,
        1e-14,
        1e-14,
        1e-14,
        1e-14,
        1e-14
    ],
    "scale_factor": 1.3
}