{
    "max": [
        13.357539507433778,
        26.13250000000001,
        195.851,
        9.30892239100001,
        10.00000000000001,
        4.91000000000001,
        4.19400000000001,
        6.00000000000001,
        6.00000000000001,
        716.209,
        202.285,
        191.185,
        4170.0,
        0.21812977516224707,
        0.6047546317979677,
        0.5430143227129113,
        0.11179230891823205,
        0.12100456621005541,
        0.06204102304381832,
        0.20410693046107078,
        0.2038412287477684,
        0.212492477037516,
        0.343641263648779,
        0.29429167174405596,
        0.31587251498896546,
        9.359062500000011,
        135.973,
        6.363665155000009,
        2.00000000000001,
        1.06000000000001,
        0.49000000000000976,
        2.00000000000001,
        2.00000000000001,
        251.03499999999997,
        100.21200000000002,
        86.94200000000002,
        2002.0
    ],
    "min": [
        0.0,
        16.77343750000001,
        59.87800000000001,
        2.94525723600001,
        8.00000000000001,
        3.8500000000000103,
        3.7040000000000104,
        4.00000000000001,
        4.00000000000001,
        465.174,
        102.07300000000001,
        104.24300000000001,
        2168.0,
        1.0444089209850063e-14,
        1e-14,
        1.1110223024625157e-14,
        1.1110223024625157e-14,
        1.1998401444325282e-14,
        1.2331468351712829e-14,
        1.1665334536937735e-14,
        1.1665334536937735e-14,
        1e-14,
        1e-14,
        1e-14,
        1e-14,
        1e-14,
        1e-14,
        1e-14,
        1e-14,
        1e-14,
        1e-14,
        1e-14,
        1e-14,
        1e-14,
        1e-14,
        1e-14,
        1e-14
    ],
    "scale_factor": 1.3
}