{
"CrC": {"V": 16.548537882241476, "m": 64.00709999999998,  "rho": 3.8678401956397073, "VEC": 10, "X": 4.21, "total_energy_per_formula": -18.79164074, "reduced_lattice_constant": 2.548315580259191,  "group": 6, "periodic": 4},
"HfC": {"V": 25.0688825021909,   "m": 190.50099999999998, "rho": 7.599102193061502,  "VEC": 8,  "X": 3.85, "total_energy_per_formula": -21.05760881, "reduced_lattice_constant": 2.926700790957891,  "group": 4, "periodic": 6},
"MoC": {"V": 20.833579327026897, "m": 107.961,            "rho": 5.182066811723745,  "VEC": 10, "X": 4.71, "total_energy_per_formula": -20.40556985, "reduced_lattice_constant": 2.7516168707466275, "group": 6, "periodic": 5},
"NbC": {"V": 22.5361793385143,   "m": 104.91737000000002, "rho": 4.655508301742007,  "VEC": 9,  "X": 4.15, "total_energy_per_formula": -20.5053405,  "reduced_lattice_constant": 2.8246204345973998, "group": 5, "periodic": 5},
"TaC": {"V": 22.476573184933375, "m": 192.95887999999997, "rho": 8.584888737814591,  "VEC": 9,  "X": 4.05, "total_energy_per_formula": -22.1601615,  "reduced_lattice_constant": 2.8221279474147174, "group": 5, "periodic": 6},
"TiC": {"V": 20.330256799466618, "m": 59.87799999999999,  "rho": 2.9452653053340154, "VEC": 8,  "X": 4.09, "total_energy_per_formula": -18.71789622, "reduced_lattice_constant": 2.72927703843019,   "group": 4, "periodic": 4},
"VC":  {"V": 17.95497720106682,  "m": 62.95249999999999,  "rho": 3.5061308792004247, "VEC": 9,  "X": 4.18, "total_energy_per_formula": -19.06673334, "reduced_lattice_constant": 2.6185545122238736, "group": 5, "periodic": 4},
"WC":  {"V": 21.10037100490353,  "m": 195.85100000000006, "rho": 9.281874709903732,  "VEC": 10, "X": 4.91, "total_energy_per_formula": -22.45037448, "reduced_lattice_constant": 2.7633126839977296, "group": 6, "periodic": 6},
"YC":  {"V": 32.79604787795001,  "m": 100.91684000000002, "rho": 3.0771036917484844, "VEC": 7,  "X": 3.77, "total_energy_per_formula": -15.63193613, "reduced_lattice_constant": 3.200912756484223,  "group": 3, "periodic": 5},
"ZrC": {"V": 26.1324503120917,   "m": 103.23500000000003, "rho": 3.9504523596944274, "VEC": 8,  "X": 3.88, "total_energy_per_formula": -19.47318844, "reduced_lattice_constant": 2.9675181082686692, "group": 4, "periodic": 5}
}
